Year,Geo Code,Jurisdictions,Zipcode,Tot_Sales,MedianValue,MeanValue,Sales_insidePFA,MedVal_inPFA,MeanValue_inPFA,Sales_OutPFA,MedVal_OutPFA,MeanVal_OutPFA,Zip Code (Geocoded)
2012,,Anne Arundel,20779,8,$409975.00,$521119.00,,,,8,$409975.00,$521119.00,"Maryland 20779
(38.76377730600046, -76.56915673999964)"
2012,,Baltimore,21111,34,$460000.00,$481884.00,,,,34,$460000.00,$481884.00,"Maryland 21111
(39.57051882200045, -76.59309771999966)"
2012,,Somerset,21817,15,$98500.00,$125587.00,14,$98500.00,$113200.00,1,$999.00,$999.00,"Maryland 21817
(37.98909758500048, -75.84103809899966)"
2012,,Montgomery,20904,325,$335000.00,$335585.00,319,$335000.00,$334333.00,6,$400000.00,$402167.00,"Maryland 20904
(39.066428664000455, -76.97205606499966)"
2012,,Dorchester,21669,1,$999.00,$999.00,,,,1,$999.00,$999.00,"Maryland 21669
(38.46954656800045, -76.29674661999968)"
2012,,Talbot,21612,7,$652750.00,$613929.00,2,$999.00,$999.00,5,$652750.00,$636500.00,"Maryland 21612
(38.75734669800045, -76.28637943699965)"
2012,,Baltimore City,21215,183,$63950.00,$99702.00,183,$63950.00,$99702.00,,,,"Maryland 21215
(39.34604714800048, -76.68329568999962)"
2012,,Charles,20622,17,$346000.00,$323063.00,,,,17,$346000.00,$323063.00,"Maryland 20622
(38.469585674000484, -76.82696764099967)"
2012,,Harford,21132,15,$405000.00,$401315.00,,,,15,$405000.00,$401315.00,"Maryland 21132
(39.697258287000466, -76.42687953499967)"
2012,,Washington,21722,18,$207500.00,$190717.00,3,$999.00,$999.00,15,$207500.00,$199327.00,"Maryland 21722
(39.66602638800049, -77.91088574799966)"
2012,,Carroll,21048,67,$329950.00,$367974.00,3,$999.00,$999.00,64,$335725.00,$373895.00,"Maryland 21048
(39.50509607400045, -76.91115646799966)"
2012,,Anne Arundel,21077,2,$999.00,$999.00,2,$999.00,$999.00,,,,"Maryland 21077
(39.15739569900046, -76.69979802099965)"
2012,,Garrett,21520,9,$161250.00,$257411.00,1,$999.00,$999.00,8,$165000.00,$275912.00,"Maryland 21520
(39.62570908200047, -79.30861753299968)"
2012,,Prince George's,20772,430,$239950.00,$286114.00,326,$205000.00,$237767.00,104,$425810.00,$437663.00,"Maryland 20772
(38.79319733800048, -76.78653736499967)"
2012,,Anne Arundel,21409,251,$360000.00,$440038.00,208,$336750.00,$379466.00,43,$652500.00,$733042.00,"Maryland 21409
(39.027275819000465, -76.45413575499964)"
2012,,Charles,20612,2,$999.00,$999.00,2,$999.00,$999.00,,,,"Maryland 20612
(38.51181912700048, -76.67887681899964)"
2012,,Garrett,21550,118,$225250.00,$317475.00,48,$137750.00,$215442.00,70,$297500.00,$387440.00,"Maryland 21550
(39.41700977800048, -79.38600642499966)"
2012,,Montgomery,20912,201,$385000.00,$395239.00,201,$385000.00,$395239.00,,,,"Maryland 20912
(38.98287855400048, -77.00160644699963)"
2012,,Prince George's,20707,270,$198500.00,$218125.00,270,$198500.00,$218125.00,,,,"Maryland 20707
(39.09811678900047, -76.86857975899966)"
2012,,Prince George's,20712,23,$200375.00,$202435.00,23,$200375.00,$202435.00,,,,"Maryland 20712
(38.9434867330005, -76.96594698699965)"
2012,,Harford,21040,86,$138900.00,$144008.00,86,$138900.00,$144008.00,,,,"Maryland 21040
(39.43067916500047, -76.30299908299963)"
2012,,Cecil,21919,23,$206500.00,$226413.00,12,$160000.00,$158375.00,11,$275000.00,$300636.00,"Maryland 21919
(39.437118463000445, -75.94713878699963)"
2012,,Baltimore,21229,47,$167000.00,$169203.00,47,$167000.00,$169203.00,,,,"Maryland 21229
(39.284156890000475, -76.69356728299965)"
2012,,Frederick,21783,2,$999.00,$999.00,,,,2,$999.00,$999.00,"Maryland 21783
(39.64937632600049, -77.56873828999966)"
2012,,Montgomery,20872,98,$287500.00,$322923.00,62,$255000.00,$273254.00,36,$352450.00,$408466.00,"Maryland 20872
(39.28241888800045, -77.21145717799965)"
2012,,Washington,21750,10,$115000.00,$122350.00,5,$93250.00,$108700.00,5,$115000.00,$136000.00,"Maryland 21750
(39.699695836000444, -78.18412576399965)"
2012,,Worcester,21811,356,$212250.00,$242221.00,267,$212250.00,$242897.00,89,$207450.00,$240196.00,"Maryland 21811
(38.33930937400049, -75.18817929699964)"
2012,,Washington,21758,10,$192500.00,$286000.00,2,$999.00,$999.00,8,$282500.00,$320000.00,"Maryland 21758
(39.341676073000485, -77.65756758299966)"
2012,,Anne Arundel,21146,337,$449250.00,$483731.00,325,$447250.00,$477017.00,12,$656250.00,$665581.00,"Maryland 21146
(39.08100615800049, -76.55652580899965)"
2012,,Dorchester,21622,5,$437500.00,$477800.00,3,$999.00,$999.00,2,$999.00,$999.00,"Maryland 21622
(38.39495585900045, -76.19157576199967)"
2012,,Prince George's,20769,48,$285000.00,$322405.00,38,$252450.00,$280043.00,10,$485000.00,$483379.00,"Maryland 20769
(38.98073646600045, -76.80882724399964)"
2012,,Harford,21034,17,$219000.00,$257482.00,6,$196750.00,$196083.00,11,$267450.00,$290973.00,"Maryland 21034
(39.64994986700049, -76.22854741399965)"
2012,,Charles,20664,19,$247350.00,$241584.00,14,$232050.00,$230686.00,5,$267500.00,$272100.00,"Maryland 20664
(38.33941799800044, -76.92468681499963)"
2012,,Baltimore,21208,326,$190000.00,$238673.00,317,$188700.00,$230672.00,9,$390000.00,$520500.00,"Maryland 21208
(39.37660991700045, -76.72958737799968)"
2012,,Baltimore City,21206,104,$139950.00,$148488.00,104,$139950.00,$148488.00,,,,"Maryland 21206
(39.33572776000045, -76.54174844599964)"
2012,,Baltimore City,21218,244,$136450.00,$182812.00,244,$136450.00,$182812.00,,,,"Maryland 21218
(39.32599929200046, -76.60991723699965)"
2012,,Anne Arundel,21056,1,$999.00,$999.00,,,,1,$999.00,$999.00,"Maryland 21056
(39.07393683300046, -76.42838725199965)"
2012,,Howard,21163,80,$418450.00,$454813.00,71,$412500.00,$427384.00,9,$645750.00,$671203.00,"Maryland 21163
(39.326959539000484, -76.86789759299967)"
2012,,Baltimore City,21201,28,$169750.00,$183684.00,28,$169750.00,$183684.00,,,,"Maryland 21201
(39.29402874200048, -76.61980646899963)"
2012,,Cecil,21915,34,$212500.00,$231551.00,13,$220000.00,$227462.00,21,$179875.00,$234083.00,"Maryland 21915
(39.501989395000464, -75.84784672199964)"
2012,,Queen Anne's,21617,114,$301000.00,$318374.00,59,$297908.00,$281419.00,55,$323300.00,$358018.00,"Maryland 21617
(39.049126852000484, -76.05266593699963)"
2012,,Dorchester,21643,13,$162500.00,$163577.00,6,$92500.00,$97417.00,7,$165250.00,$220286.00,"Maryland 21643
(38.64309912400046, -75.86584807999964)"
2012,,Wicomico,21822,11,$160000.00,$191924.00,2,$999.00,$999.00,9,$160000.00,$194684.00,"Maryland 21822
(38.28311976200047, -75.66054656999967)"
2012,,Somerset,21871,6,$158500.00,$184317.00,1,$999.00,$999.00,5,$158500.00,$205600.00,"Maryland 21871
(38.09907836400049, -75.71721847599963)"
2012,,Anne Arundel,21405,9,$582500.00,$592333.00,,,,9,$582500.00,$592333.00,"Maryland 21405
(39.02767990500047, -76.54173975599963)"
2012,,Baltimore City,21217,136,$65000.00,$130336.00,136,$65000.00,$130336.00,,,,"Maryland 21217
(39.30725928400045, -76.63555711399965)"
2012,,Anne Arundel,20758,4,$999.00,$999.00,,,,4,$999.00,$999.00,"Maryland 20758
(38.73473963400045, -76.59113812299967)"
2012,,Harford,21014,418,$285000.00,$300262.00,416,$285000.00,$300335.00,2,$999.00,$999.00,"Maryland 21014
(39.536175899000455, -76.34920821599962)"
2012,,Dorchester,21632,2,$999.00,$999.00,,,,2,$999.00,$999.00,"Maryland 21632
(38.715369600000486, -75.77479848899964)"
2012,,Wicomico,21840,3,$999.00,$999.00,1,$999.00,$999.00,2,$999.00,$999.00,"Maryland 21840
(38.26904628900047, -75.90345844699965)"
2012,,Queen Anne's,21620,21,$179500.00,$207852.00,,,,21,$179500.00,$207852.00,"Maryland 21620
(39.21576650300045, -76.09079770499966)"
2012,,Anne Arundel,21035,56,$612500.00,$597588.00,,,,56,$612500.00,$597588.00,"Maryland 21035
(38.93545716400047, -76.63308915099964)"
2012,,Somerset,21851,4,$999.00,$999.00,,,,4,$999.00,$999.00,"Maryland 21851
(38.06797681500046, -75.55243848799967)"
2012,,Queen Anne's,21638,44,$342500.00,$382855.00,44,$342500.00,$382855.00,,,,"Maryland 21638
(38.95452739300049, -76.20320734199964)"
2012,,Carroll,21102,84,$300432.00,$293462.00,68,$299495.00,$288418.00,16,$316250.00,$314900.00,"Maryland 21102
(39.68273727900049, -76.86717632199964)"
2012,,Carroll,21797,18,$307900.00,$357683.00,3,$999.00,$999.00,15,$324750.00,$377167.00,"Maryland 21797
(39.346698899000444, -77.06561706899964)"
2012,,St. Mary's,20609,3,$999.00,$999.00,,,,3,$999.00,$999.00,"Maryland 20609
(38.269619830000465, -76.74918769799967)"
2012,,Washington,21756,13,$236822.00,$259811.00,5,$209250.00,$224900.00,8,$270072.00,$281631.00,"Maryland 21756
(39.455098096000484, -77.70084818199967)"
2012,,Dorchester,21631,9,$135000.00,$182489.00,3,$999.00,$999.00,6,$185000.00,$211650.00,"Maryland 21631
(38.592149589000485, -75.94513573999967)"
2012,,Baltimore City,21225,100,$26000.00,$40033.00,100,$26000.00,$40033.00,,,,"Maryland 21225
(39.23243828900047, -76.61607845399965)"
2012,,Montgomery,20874,630,$235000.00,$267019.00,598,$230000.00,$245020.00,32,$682500.00,$678118.00,"Maryland 20874
(39.16591625500047, -77.27465962799965)"
2012,,St. Mary's,20619,186,$268000.00,$283397.00,179,$268000.00,$283715.00,7,$252500.00,$275271.00,"Maryland 20619
(38.3000261790005, -76.52667996599968)"
2012,,Garrett,21538,2,$999.00,$999.00,2,$999.00,$999.00,,,,"Maryland 21538
(39.40398779600048, -79.20952968199964)"
2012,,Charles,20693,7,$237450.00,$268730.00,,,,7,$237450.00,$268730.00,"Maryland 20693
(38.48061764300047, -77.09118742599964)"
2012,,Allegany,21502,175,$98242.00,$111950.00,172,$97250.00,$109135.00,3,$999.00,$999.00,"Maryland 21502
(39.6476079090005, -78.77302608499963)"
2012,,Worcester,21841,7,$182250.00,$212000.00,3,$999.00,$999.00,4,$999.00,$999.00,"Maryland 21841
(38.24778617800047, -75.29054762699963)"
2012,,Howard,21794,18,$743500.00,$733426.00,,,,18,$743500.00,$733426.00,"Maryland 21794
(39.28611648700047, -76.97204737499965)"
2012,,Garrett,21539,2,$999.00,$999.00,,,,2,$999.00,$999.00,"Maryland 21539
(39.59231771500049, -79.01060663999965)"
2012,,St. Mary's,20687,2,$999.00,$999.00,,,,2,$999.00,$999.00,"Maryland 20687
(38.085587123000494, -76.34411586999965)"
2012,,Baltimore City,21224,777,$168500.00,$192567.00,777,$168500.00,$192567.00,,,,"Maryland 21224
(39.28492595600045, -76.55678650999965)"
2012,,Queen Anne's,21651,8,$190000.00,$233431.00,,,,8,$190000.00,$233431.00,"Maryland 21651
(39.250848078000445, -75.86224606999963)"
2012,,Montgomery,20861,22,$542500.00,$549995.00,3,$999.00,$999.00,19,$577500.00,$573732.00,"Maryland 20861
(39.15004829500049, -77.00240592799963)"
2012,,Prince George's,20748,197,$167500.00,$168328.00,197,$167500.00,$168328.00,,,,"Maryland 20748
(38.8172686690005, -76.94323998899966)"
2012,,Harford,21085,128,$233055.00,$241162.00,114,$230500.00,$240619.00,14,$265500.00,$245586.00,"Maryland 21085
(39.432677868000496, -76.35668597099965)"
2012,,Montgomery,20862,3,$999.00,$999.00,,,,3,$999.00,$999.00,"Maryland 20862
(39.182105745000456, -77.02028997099967)"
2012,,Baltimore City,21214,78,$174950.00,$172669.00,78,$174950.00,$172669.00,,,,"Maryland 21214
(39.35212581100046, -76.56332574299967)"
2012,,Charles,20662,13,$244825.00,$240319.00,,,,13,$244825.00,$240319.00,"Maryland 20662
(38.442385939000474, -77.19568915299965)"
2012,,Anne Arundel,20794,12,$313750.00,$357227.00,3,$999.00,$999.00,9,$330000.00,$409414.00,"Maryland 20794
(39.149748489000444, -76.79215980199967)"
2012,,Charles,20675,13,$334950.00,$304072.00,,,,13,$334950.00,$304072.00,"Maryland 20675
(38.58471962900046, -77.01411571799963)"
2012,,St. Mary's,20653,200,$260000.00,$263207.00,179,$257250.00,$258073.00,21,$288950.00,$306961.00,"Maryland 20653
(38.25263954900049, -76.45351876399963)"
2012,,Charles,20617,8,$388200.00,$381971.00,,,,8,$388200.00,$381971.00,"Maryland 20617
(38.54331607200049, -76.84092814399963)"
2012,,Talbot,21654,33,$420000.00,$613576.00,29,$367000.00,$543207.00,4,$999.00,$999.00,"Maryland 21654
(38.68610598800046, -76.14182979399965)"
2012,,Anne Arundel,20711,25,$395000.00,$411976.00,,,,25,$395000.00,$411976.00,"Maryland 20711
(38.80348631100048, -76.65940684899965)"
2012,,Frederick,21791,12,$253000.00,$250167.00,5,$142500.00,$189800.00,7,$253000.00,$293286.00,"Maryland 21791
(39.55165715300046, -77.18372735299965)"
2012,,Baltimore City,21227,1,$999.00,$999.00,1,$999.00,$999.00,,,,"Maryland 21227
(39.24421759900048, -76.67522701499968)"
2012,,Montgomery,20878,702,$452958.00,$469208.00,658,$430000.00,$449776.00,44,$735000.00,$759803.00,"Maryland 20878
(39.11831672000045, -77.23415983199965)"
2012,,Montgomery,20905,158,$399750.00,$415675.00,92,$405000.00,$398407.00,66,$391000.00,$439747.00,"Maryland 20905
(39.10561626800046, -76.99070917399968)"
2012,,Queen Anne's,21666,111,$324000.00,$379560.00,63,$295000.00,$318779.00,48,$346500.00,$459335.00,"Maryland 21666
(38.937017021000486, -76.33129810399964)"
2012,,Howard,21042,439,$510500.00,$548810.00,344,$478750.00,$480324.00,95,$763508.00,$796804.00,"Maryland 21042
(39.2736376310005, -76.86367859299963)"
2012,,Carroll,21158,133,$255000.00,$265755.00,84,$203700.00,$245716.00,49,$291250.00,$300108.00,"Maryland 21158
(39.629806422000456, -77.03027913899967)"
2012,,Anne Arundel,21061,377,$217695.00,$209985.00,377,$217695.00,$209985.00,,,,"Maryland 21061
(39.15703940800046, -76.62936982599967)"
2012,,Baltimore,21161,25,$261500.00,$286366.00,,,,25,$261500.00,$286366.00,"Maryland 21161
(39.659056999000484, -76.57396666099964)"
2012,,Wicomico,21826,43,$140000.00,$158124.00,43,$140000.00,$158124.00,,,,"Maryland 21826
(38.322659313000486, -75.61995987399968)"
2012,,Montgomery,20895,252,$492500.00,$538065.00,252,$492500.00,$538065.00,,,,"Maryland 20895
(39.02866622200048, -77.07759624899967)"
2012,,Prince George's,20912,7,$199950.00,$187714.00,7,$199950.00,$187714.00,,,,"Maryland 20912
(38.98287855400048, -77.00160644699963)"
2012,,Caroline,21629,32,$180450.00,$194207.00,19,$150000.00,$158532.00,13,$234000.00,$246346.00,"Maryland 21629
(38.86955646500047, -75.82983667399964)"
2012,,Prince George's,20782,114,$206500.00,$242283.00,114,$206500.00,$242283.00,,,,"Maryland 20782
(38.963347754000495, -76.96464783099964)"
2012,,Kent,21620,51,$303000.00,$341427.00,29,$254950.00,$309691.00,22,$343000.00,$383260.00,"Maryland 21620
(39.21576650300045, -76.09079770499966)"
2012,,Kent,21661,18,$190000.00,$233661.00,14,$195000.00,$208993.00,4,$999.00,$999.00,"Maryland 21661
(39.13473649600047, -76.22799994299965)"
2012,,Anne Arundel,20754,11,$418500.00,$442573.00,,,,11,$418500.00,$442573.00,"Maryland 20754
(38.7365080510005, -76.65571793999965)"
2012,,Baltimore City,21211,168,$160000.00,$153602.00,168,$160000.00,$153602.00,,,,"Maryland 21211
(39.33217789000048, -76.63535724299965)"
2012,,Calvert,20678,96,$328667.00,$345437.00,32,$280108.00,$296879.00,64,$377088.00,$369715.00,"Maryland 20678
(38.53302709900049, -76.59167690399966)"
2012,,Talbot,21657,2,$999.00,$999.00,,,,2,$999.00,$999.00,"Maryland 21657
(38.95294581000047, -75.97842717199967)"
2012,,St. Mary's,20622,4,$999.00,$999.00,4,$999.00,$999.00,,,,"Maryland 20622
(38.469585674000484, -76.82696764099967)"
2012,,Baltimore,21043,12,$308000.00,$410917.00,12,$308000.00,$410917.00,,,,"Maryland 21043
(39.259559813000465, -76.80313963099968)"
2012,,Dorchester,21634,3,$999.00,$999.00,3,$999.00,$999.00,,,,"Maryland 21634
(38.30521846000045, -76.21706790899964)"
2012,,Wicomico,21830,28,$172450.00,$180917.00,13,$123700.00,$130269.00,15,$190809.00,$224811.00,"Maryland 21830
(38.41285728200046, -75.69561945399965)"
2012,,Wicomico,21856,3,$999.00,$999.00,1,$999.00,$999.00,2,$999.00,$999.00,"Maryland 21856
(38.35090619400046, -75.78733817599965)"
2012,,Allegany,21545,3,$999.00,$999.00,3,$999.00,$999.00,,,,"Maryland 21545
(39.69790569300045, -78.87328708699965)"
2012,,Montgomery,20871,378,$364500.00,$395848.00,347,$363215.00,$385887.00,31,$368500.00,$507351.00,"Maryland 20871
(39.24621630100046, -77.27284776099964)"
2012,,Baltimore City,21226,22,$27000.00,$40701.00,22,$27000.00,$40701.00,,,,"Maryland 21226
(39.20363959200046, -76.56269571699966)"
2012,,Prince George's,20722,49,$113500.00,$130996.00,49,$113500.00,$130996.00,,,,"Maryland 20722
(38.93978913400048, -76.95282941499966)"
2012,,Anne Arundel,20714,15,$284975.00,$363217.00,15,$284975.00,$363217.00,,,,"Maryland 20714
(38.71009910800046, -76.53712970499964)"
2012,,Harford,21028,16,$395000.00,$420681.00,,,,16,$395000.00,$420681.00,"Maryland 21028
(39.56110754000048, -76.24701803199963)"
2012,,Baltimore,21220,326,$170000.00,$214006.00,307,$167000.00,$206055.00,19,$330000.00,$342468.00,"Maryland 21220
(39.33881705900046, -76.41892817499968)"
2012,,Frederick,21718,1,$999.00,$999.00,1,$999.00,$999.00,,,,"Maryland 21718
(39.391639290000455, -77.62783905499964)"
2012,,Baltimore,21237,230,$181000.00,$196069.00,230,$181000.00,$196069.00,,,,"Maryland 21237
(39.34191939200048, -76.49172874199968)"
2012,,Wicomico,21849,22,$141300.00,$158972.00,8,$123500.00,$113750.00,14,$182000.00,$184812.00,"Maryland 21849
(38.38436708000046, -75.47184732599965)"
2012,,Worcester,21804,1,$999.00,$999.00,,,,1,$999.00,$999.00,"Maryland 21804
(38.356146270000465, -75.57117849599967)"
2012,,Dorchester,21672,1,$999.00,$999.00,1,$999.00,$999.00,,,,"Maryland 21672
(38.27464700200045, -76.06015672499967)"
2012,,Dorchester,21677,3,$999.00,$999.00,1,$999.00,$999.00,2,$999.00,$999.00,"Maryland 21677
(38.51541679100046, -76.19120643699966)"
2012,,Frederick,21777,29,$318250.00,$297312.00,29,$318250.00,$297312.00,,,,"Maryland 21777
(39.27939910800046, -77.53004601699968)"
2012,,Prince George's,20708,106,$225000.00,$229317.00,106,$225000.00,$229317.00,,,,"Maryland 20708
(39.06789727600045, -76.84683735199968)"
2012,,Prince George's,20746,112,$145000.00,$140972.00,112,$145000.00,$140972.00,,,,"Maryland 20746
(38.838428846000454, -76.92153668599963)"
2012,,Anne Arundel,21090,99,$258000.00,$273186.00,99,$258000.00,$273186.00,,,,"Maryland 21090
(39.208267023000474, -76.66082766599965)"
2012,,Montgomery,20906,821,$240000.00,$263748.00,818,$240000.00,$262842.00,3,$999.00,$999.00,"Maryland 20906
(39.084086766000496, -77.06338807999964)"
2012,,Baltimore,21162,89,$360000.00,$334725.00,79,$368930.00,$349813.00,10,$232450.00,$215530.00,"Maryland 21162
(39.392656022000494, -76.41561728099964)"
2012,,Talbot,21601,218,$267000.00,$383808.00,182,$235000.00,$276468.00,36,$587500.00,$926467.00,"Maryland 21601
(38.77674714700049, -76.07511657999964)"
2012,,Cecil,21901,139,$250000.00,$261912.00,108,$246617.00,$242224.00,31,$317500.00,$330503.00,"Maryland 21901
(39.599439178000466, -75.95494676199968)"
2012,,Charles,20659,3,$999.00,$999.00,,,,3,$999.00,$999.00,"Maryland 20659
(38.42874696700045, -76.72777985599964)"
2012,,Caroline,21657,1,$999.00,$999.00,,,,1,$999.00,$999.00,"Maryland 21657
(38.95294581000047, -75.97842717199967)"
2012,,St. Mary's,20684,16,$377980.00,$342018.00,,,,16,$377980.00,$342018.00,"Maryland 20684
(38.15548957100049, -76.40737915099965)"
2012,,Allegany,21557,12,$107750.00,$111692.00,10,$105250.00,$103040.00,2,$999.00,$999.00,"Maryland 21557
(39.508559043000446, -78.92371956599965)"
2012,,Calvert,20685,34,$282500.00,$300315.00,14,$232500.00,$239393.00,20,$320000.00,$342960.00,"Maryland 20685
(38.45061972400049, -76.50614981499967)"
2012,,Prince George's,20705,163,$212500.00,$204138.00,161,$210000.00,$203823.00,2,$999.00,$999.00,"Maryland 20705
(39.04740623000049, -76.91870808799968)"
2012,,Carroll,21771,160,$340000.00,$374750.00,113,$295000.00,$348125.00,47,$426250.00,$438762.00,"Maryland 21771
(39.383435920000466, -77.15170900699968)"
2012,,Frederick,20871,2,$999.00,$999.00,,,,2,$999.00,$999.00,"Maryland 20871
(39.24621630100046, -77.27284776099964)"
2012,,Worcester,21842,864,$255000.00,$292557.00,835,$255000.00,$292213.00,29,$244000.00,$302453.00,"Maryland 21842
(38.3911496340005, -75.07017763699963)"
2012,,Montgomery,20842,3,$999.00,$999.00,,,,3,$999.00,$999.00,"Maryland 20842
(39.21968569800049, -77.41074954499965)"
2012,,Montgomery,20882,112,$437500.00,$484037.00,27,$307500.00,$320930.00,85,$519750.00,$535847.00,"Maryland 20882
(39.23578828900048, -77.16379681299964)"
2012,,Baltimore City,21228,4,$999.00,$999.00,4,$999.00,$999.00,,,,"Maryland 21228
(39.27720922600048, -76.73836863399964)"
2012,,Baltimore,21120,76,$400000.00,$376461.00,,,,76,$400000.00,$376461.00,"Maryland 21120
(39.64775998500045, -76.67041709299963)"
2012,,St. Mary's,20621,3,$999.00,$999.00,,,,3,$999.00,$999.00,"Maryland 20621
(38.337849451000466, -76.79286803799965)"
2012,,Prince George's,20716,171,$212715.00,$216575.00,169,$211215.00,$214291.00,2,$999.00,$999.00,"Maryland 20716
(38.93106870800045, -76.72551610799968)"
2012,,Montgomery,20876,225,$277500.00,$297255.00,220,$275000.00,$291315.00,5,$524500.00,$558600.00,"Maryland 20876
(39.19563609300047, -77.24141599099966)"
2012,,Howard,21737,45,$763676.00,$757704.00,,,,45,$763676.00,$757704.00,"Maryland 21737
(39.26126740100045, -77.00409613599965)"
2012,,Charles,20616,86,$256132.00,$261981.00,80,$257490.00,$264230.00,6,$224950.00,$231983.00,"Maryland 20616
(38.63912778800045, -77.07816978999966)"
2012,,Caroline,21636,4,$999.00,$999.00,2,$999.00,$999.00,2,$999.00,$999.00,"Maryland 21636
(39.027349684000455, -75.80154634299964)"
2012,,Howard,21046,163,$295000.00,$316873.00,163,$295000.00,$316873.00,,,,"Maryland 21046
(39.17292909300045, -76.84392619799968)"
2012,,Wicomico,21850,26,$146300.00,$145590.00,19,$144375.00,$140382.00,7,$182950.00,$159729.00,"Maryland 21850
(38.37538595500047, -75.40378715999964)"
2012,,Frederick,21778,2,$999.00,$999.00,1,$999.00,$999.00,1,$999.00,$999.00,"Maryland 21778
(39.62385810900048, -77.33472932899963)"
2012,,Baltimore,21222,449,$115000.00,$127091.00,449,$115000.00,$127091.00,,,,"Maryland 21222
(39.26548640100049, -76.50503749399968)"
2012,,Cecil,21918,38,$298912.00,$292661.00,,,,38,$298912.00,$292661.00,"Maryland 21918
(39.67859648900048, -76.15739794899963)"
2012,,Baltimore,21215,7,$119000.00,$114271.00,7,$119000.00,$114271.00,,,,"Maryland 21215
(39.34604714800048, -76.68329568999962)"
2012,,Washington,21742,207,$209750.00,$230629.00,191,$205000.00,$224379.00,16,$301200.00,$305242.00,"Maryland 21742
(39.657966402000454, -77.68676601899966)"
2012,,Garrett,21521,1,$999.00,$999.00,,,,1,$999.00,$999.00,"Maryland 21521
(39.538948012000446, -79.02249892099968)"
2012,,Frederick,21757,11,$197450.00,$205527.00,3,$999.00,$999.00,8,$225450.00,$213362.00,"Maryland 21757
(39.589076341000464, -77.26024724499968)"
2012,,Frederick,21755,29,$297950.00,$296832.00,16,$295500.00,$281517.00,13,$299950.00,$315681.00,"Maryland 21755
(39.36626880400047, -77.55229678999967)"
2012,,Queen Anne's,21658,39,$352750.00,$492195.00,8,$242500.00,$293600.00,31,$383750.00,$543445.00,"Maryland 21658
(38.95119911800049, -76.14710897599963)"
2012,,Queen Anne's,21668,7,$215650.00,$211186.00,3,$999.00,$999.00,4,$999.00,$999.00,"Maryland 21668
(39.18686787100046, -75.85875703099964)"
2012,,Worcester,21851,26,$122000.00,$134577.00,22,$108000.00,$123250.00,4,$999.00,$999.00,"Maryland 21851
(38.06797681500046, -75.55243848799967)"
2012,,Somerset,21824,1,$999.00,$999.00,1,$999.00,$999.00,,,,"Maryland 21824
(37.99308630000047, -76.03474713399964)"
2012,,Baltimore,21133,136,$196500.00,$200664.00,127,$194950.00,$194585.00,9,$255000.00,$286444.00,"Maryland 21133
(39.37310784200048, -76.80095843799967)"
2012,,Baltimore,21204,154,$353400.00,$387674.00,154,$353400.00,$387674.00,,,,"Maryland 21204
(39.40202819900048, -76.61713863499966)"
2012,,Cecil,21904,49,$264801.00,$264484.00,8,$198500.00,$272129.00,41,$272982.00,$262993.00,"Maryland 21904
(39.6256786670005, -76.08444965099966)"
2012,,Cecil,21903,45,$187500.00,$214215.00,42,$185000.00,$209695.00,3,$999.00,$999.00,"Maryland 21903
(39.56737738300046, -76.05853603799966)"
2012,,Frederick,21754,55,$505000.00,$512123.00,13,$535000.00,$519292.00,42,$502500.00,$509904.00,"Maryland 21754
(39.333868098000494, -77.30524846699967)"
2012,,Anne Arundel,20765,2,$999.00,$999.00,2,$999.00,$999.00,,,,"Maryland 20765
(38.84491593900049, -76.54557639499967)"
2012,,Garrett,21523,1,$999.00,$999.00,1,$999.00,$999.00,,,,"Maryland 21523
(39.477318454000454, -79.07466940099965)"
2012,,Baltimore,21286,256,$236000.00,$275197.00,256,$236000.00,$275197.00,,,,"Maryland 21286
(39.39892586500048, -76.58452936899965)"
2012,,Prince George's,20607,116,$345909.00,$327973.00,49,$332000.00,$319301.00,67,$349608.00,$334315.00,"Maryland 20607
(38.668556511000475, -77.01530624999964)"
2012,,Frederick,21771,97,$356250.00,$356219.00,29,$250250.00,$303552.00,68,$376165.00,$378680.00,"Maryland 21771
(39.383435920000466, -77.15170900699968)"
2012,,Washington,21767,6,$151000.00,$164833.00,6,$151000.00,$164833.00,,,,"Maryland 21767
(39.69901801500049, -77.74639687499968)"
2012,,Montgomery,20852,515,$405000.00,$486019.00,515,$405000.00,$486019.00,,,,"Maryland 20852
(39.04876621700049, -77.11997743299963)"
2012,,Frederick,21780,15,$233500.00,$237493.00,3,$999.00,$999.00,12,$267000.00,$264375.00,"Maryland 21780
(39.67629798100046, -77.47134933699965)"
2012,,St. Mary's,20659,166,$297750.00,$316623.00,20,$380394.00,$355331.00,146,$281000.00,$311321.00,"Maryland 20659
(38.42874696700045, -76.72777985599964)"
2012,,St. Mary's,20674,12,$233950.00,$273435.00,9,$175000.00,$281491.00,3,$999.00,$999.00,"Maryland 20674
(38.13472913400045, -76.49702964899967)"
2012,,Montgomery,20833,66,$463250.00,$500997.00,48,$446000.00,$463138.00,18,$628650.00,$601956.00,"Maryland 20833
(39.18758914300048, -77.05667939199964)"
2012,,Montgomery,20902,439,$312995.00,$313717.00,439,$312995.00,$313717.00,,,,"Maryland 20902
(39.039928476000455, -77.04644690399965)"
2012,,Carroll,21787,86,$216000.00,$213194.00,75,$208000.00,$207272.00,11,$248000.00,$253573.00,"Maryland 21787
(39.66413631000046, -77.16873708399964)"
2012,,Baltimore City,21210,103,$376000.00,$418147.00,103,$376000.00,$418147.00,,,,"Maryland 21210
(39.34949708300047, -76.63191599899966)"
2012,,Prince George's,20601,1,$999.00,$999.00,,,,1,$999.00,$999.00,"Maryland 20601
(38.62723985300045, -76.87430647599967)"
2012,,Wicomico,21837,14,$134000.00,$143316.00,5,$101250.00,$121100.00,9,$147500.00,$155658.00,"Maryland 21837
(38.46832996700044, -75.74963656299963)"
2012,,Howard,20794,81,$299900.00,$317970.00,81,$299900.00,$317970.00,,,,"Maryland 20794
(39.149748489000444, -76.79215980199967)"
2012,,Prince George's,20770,66,$135000.00,$151637.00,66,$135000.00,$151637.00,,,,"Maryland 20770
(38.9995981350005, -76.88794979299968)"
2012,,Montgomery,20777,2,$999.00,$999.00,,,,2,$999.00,$999.00,"Maryland 20777
(39.176148743000454, -76.96791961899964)"
2012,,Anne Arundel,21060,356,$239632.00,$247411.00,350,$237798.00,$246232.00,6,$369950.00,$316198.00,"Maryland 21060
(39.16437812300046, -76.59467930199963)"
2012,,Howard,20763,12,$244995.00,$258991.00,12,$244995.00,$258991.00,,,,"Maryland 20763
(39.137208803000476, -76.82154941899967)"
2012,,Talbot,21679,1,$999.00,$999.00,,,,1,$999.00,$999.00,"Maryland 21679
(38.9175470510005, -76.07832753899964)"
2012,,Baltimore City,21216,120,$24848.00,$44676.00,120,$24848.00,$44676.00,,,,"Maryland 21216
(39.31157821900047, -76.67243752099967)"
2012,,Prince George's,20721,260,$298352.00,$324761.00,229,$294418.00,$294965.00,31,$507500.00,$544867.00,"Maryland 20721
(38.91835956700049, -76.79545766099966)"
2012,,Caroline,21660,14,$154950.00,$166236.00,8,$142500.00,$143812.00,6,$244650.00,$196133.00,"Maryland 21660
(38.95167706900048, -75.88070799799965)"
2012,,Kent,21610,3,$999.00,$999.00,3,$999.00,$999.00,,,,"Maryland 21610
(39.367107389000466, -76.06577916299966)"
2012,,Montgomery,20877,201,$276750.00,$262776.00,201,$276750.00,$262776.00,,,,"Maryland 20877
(39.140867298000444, -77.19068805199964)"
2012,,Prince George's,20623,22,$245500.00,$265436.00,22,$245500.00,$265436.00,,,,"Maryland 20623
(38.743668621000495, -76.83045668099965)"
2012,,Calvert,20732,102,$316500.00,$345662.00,90,$300000.00,$332050.00,12,$385000.00,$447750.00,"Maryland 20732
(38.67024671700045, -76.53937607199964)"
2012,,Baltimore City,21239,50,$135000.00,$129641.00,50,$135000.00,$129641.00,,,,"Maryland 21239
(39.3635662100005, -76.58806620399963)"
2012,,Washington,21733,2,$999.00,$999.00,,,,2,$999.00,$999.00,"Maryland 21733
(39.54832887900045, -77.75736801399967)"
2012,,Harford,21001,193,$216450.00,$232719.00,182,$216450.00,$229276.00,11,$214000.00,$289687.00,"Maryland 21001
(39.51246954800047, -76.18356791699966)"
2012,,Howard,20723,363,$405000.00,$396147.00,362,$405086.00,$396308.00,1,$999.00,$999.00,"Maryland 20723
(39.12728915600047, -76.85436724599964)"
2012,,Prince George's,20608,3,$999.00,$999.00,,,,3,$999.00,$999.00,"Maryland 20608
(38.58755691800047, -76.71360644799967)"
2012,,Montgomery,20879,242,$245250.00,$262790.00,230,$240000.00,$242692.00,12,$660000.00,$648000.00,"Maryland 20879
(39.166876501000445, -77.18454855899967)"
2012,,Baltimore,21209,203,$275064.00,$316012.00,203,$275064.00,$316012.00,,,,"Maryland 21209
(39.37416802300049, -76.66965671699967)"
2012,,Howard,21075,353,$300000.00,$326005.00,353,$300000.00,$326005.00,,,,"Maryland 21075
(39.19726981500048, -76.75565741099967)"
2012,,Baltimore,21227,239,$179950.00,$178843.00,239,$179950.00,$178843.00,,,,"Maryland 21227
(39.24421759900048, -76.67522701499968)"
2012,,Washington,21740,312,$166900.00,$180765.00,243,$153500.00,$160624.00,69,$254995.00,$251697.00,"Maryland 21740
(39.63407756300046, -77.73109810999966)"
2012,,St. Mary's,20634,71,$261290.00,$251215.00,60,$254678.00,$243677.00,11,$287450.00,$292332.00,"Maryland 20634
(38.26434933900049, -76.49573918199962)"
2012,,Wicomico,21801,171,$168500.00,$189860.00,151,$169950.00,$185552.00,20,$145000.00,$222385.00,"Maryland 21801
(38.369116112000484, -75.61815669599963)"
2012,,Baltimore City,21234,42,$158950.00,$158391.00,42,$158950.00,$158391.00,,,,"Maryland 21234
(39.38873682700046, -76.54108800399968)"
2012,,Anne Arundel,21054,130,$335000.00,$417961.00,74,$293658.00,$317893.00,56,$551468.00,$550192.00,"Maryland 21054
(39.038538073000495, -76.67840755899965)"
2012,,Garrett,21561,66,$376500.00,$447407.00,1,$999.00,$999.00,65,$376500.00,$453367.00,"Maryland 21561
(39.490127531000496, -79.24751806499967)"
2012,,Allegany,21532,55,$110000.00,$115640.00,49,$110000.00,$116004.00,6,$115000.00,$112667.00,"Maryland 21532
(39.65320862200048, -78.93449952399965)"
2012,,Frederick,21769,106,$328500.00,$351253.00,73,$320000.00,$341517.00,33,$323500.00,$372791.00,"Maryland 21769
(39.44298856600045, -77.54849925499963)"
2012,,Baltimore,21212,155,$305000.00,$409061.00,155,$305000.00,$409061.00,,,,"Maryland 21212
(39.364309206000485, -76.60998675699966)"
2012,,Caroline,21632,7,$102000.00,$122271.00,3,$999.00,$999.00,4,$999.00,$999.00,"Maryland 21632
(38.715369600000486, -75.77479848899964)"
2012,,Baltimore,21153,8,$642000.00,$714875.00,,,,8,$642000.00,$714875.00,"Maryland 21153
(39.41614946600049, -76.71292862699966)"
2012,,Howard,21784,18,$565000.00,$551056.00,,,,18,$565000.00,$551056.00,"Maryland 21784
(39.39994694100045, -76.96244925699966)"
2012,,Frederick,21710,41,$382500.00,$364378.00,36,$385402.00,$366433.00,5,$285000.00,$349580.00,"Maryland 21710
(39.30562990700048, -77.44591801999968)"
2012,,Montgomery,21771,1,$999.00,$999.00,,,,1,$999.00,$999.00,"Maryland 21771
(39.383435920000466, -77.15170900699968)"
2012,,Prince George's,20745,145,$227450.00,$288818.00,145,$227450.00,$288818.00,,,,"Maryland 20745
(38.80983870900047, -76.99032681299963)"
2012,,Prince George's,20735,330,$224875.00,$254653.00,310,$219250.00,$247722.00,20,$397028.00,$362077.00,"Maryland 20735
(38.75721634700045, -76.89952923299967)"
2012,,Frederick,21788,78,$208250.00,$226783.00,50,$200000.00,$202018.00,28,$273500.00,$271007.00,"Maryland 21788
(39.60590889200046, -77.40582665399967)"
2012,,Charles,20658,5,$172500.00,$199680.00,,,,5,$172500.00,$199680.00,"Maryland 20658
(38.56230809000044, -77.15880874699963)"
2012,,Wicomico,21865,3,$999.00,$999.00,1,$999.00,$999.00,2,$999.00,$999.00,"Maryland 21865
(38.30314589200049, -75.84441851299965)"
2012,,Baltimore,21221,309,$145000.00,$160806.00,299,$144000.00,$157243.00,10,$241500.00,$267333.00,"Maryland 21221
(39.303748520000454, -76.45228912699963)"
2012,,Queen Anne's,21623,18,$240000.00,$228970.00,5,$191000.00,$211400.00,13,$240000.00,$235728.00,"Maryland 21623
(39.127867042000446, -75.96203781099968)"
2012,,Anne Arundel,21144,337,$340000.00,$344651.00,276,$335250.00,$337762.00,61,$370000.00,$375820.00,"Maryland 21144
(39.126259390000484, -76.69088641399964)"
2012,,Anne Arundel,21032,103,$436248.00,$500704.00,,,,103,$436248.00,$500704.00,"Maryland 21032
(39.04217918800049, -76.59593935399965)"
2012,,Caroline,21655,22,$153750.00,$164182.00,5,$70000.00,$105400.00,17,$153750.00,$181471.00,"Maryland 21655
(38.743238465000445, -75.92146849599965)"
2012,,Calvert,20629,6,$320000.00,$351792.00,3,$999.00,$999.00,3,$999.00,$999.00,"Maryland 20629
(38.34157746700049, -76.45525676599965)"
2012,,Allegany,21539,8,$66500.00,$65962.00,7,$60750.00,$66386.00,1,$999.00,$999.00,"Maryland 21539
(39.59231771500049, -79.01060663999965)"
2012,,Anne Arundel,21113,410,$275013.00,$291989.00,408,$275001.00,$290951.00,2,$999.00,$999.00,"Maryland 21113
(39.07779954300048, -76.70878783599966)"
2012,,Anne Arundel,21401,514,$356000.00,$402049.00,441,$345000.00,$375786.00,73,$520750.00,$560710.00,"Maryland 21401
(38.9832956730005, -76.52939993899963)"
2012,,Baltimore City,21222,20,$75500.00,$84770.00,20,$75500.00,$84770.00,,,,"Maryland 21222
(39.26548640100049, -76.50503749399968)"
2012,,Montgomery,20832,262,$407450.00,$431746.00,236,$399500.00,$402002.00,26,$729050.00,$701735.00,"Maryland 20832
(39.15279868300047, -77.07121777999964)"
2012,,Baltimore,21071,1,$999.00,$999.00,1,$999.00,$999.00,,,,"Maryland 21071
(39.4734991950005, -76.81514922699967)"
2012,,Frederick,21773,26,$310000.00,$293214.00,21,$317450.00,$305538.00,5,$220000.00,$241450.00,"Maryland 21773
(39.53145722200048, -77.55382623199966)"
2012,,Calvert,20689,12,$532559.00,$514789.00,,,,12,$532559.00,$514789.00,"Maryland 20689
(38.66438965000049, -76.58577638599968)"
2012,,Montgomery,20841,74,$555000.00,$500164.00,64,$555750.00,$515232.00,10,$286250.00,$403730.00,"Maryland 20841
(39.188358209000455, -77.32613925299967)"
2012,,Talbot,21676,6,$447500.00,$456333.00,1,$999.00,$999.00,5,$323750.00,$416000.00,"Maryland 21676
(38.794778920000454, -76.30627956199965)"
2012,,Prince George's,20706,208,$189950.00,$189833.00,208,$189950.00,$189833.00,,,,"Maryland 20706
(38.96493802600048, -76.84881867399963)"
2012,,Montgomery,20707,3,$999.00,$999.00,,,,3,$999.00,$999.00,"Maryland 20707
(39.09811678900047, -76.86857975899966)"
2012,,Baltimore,21236,379,$196250.00,$200618.00,379,$196250.00,$200618.00,,,,"Maryland 21236
(39.3892669170005, -76.48624968999968)"
2012,,St. Mary's,20620,4,$999.00,$999.00,2,$999.00,$999.00,2,$999.00,$999.00,"Maryland 20620
(38.234307971000476, -76.52206991499963)"
2012,,Baltimore City,21223,192,$20700.00,$36711.00,192,$20700.00,$36711.00,,,,"Maryland 21223
(39.2868985880005, -76.64629796699967)"
2012,,St. Mary's,20618,7,$137500.00,$140129.00,,,,7,$137500.00,$140129.00,"Maryland 20618
(38.27923967200047, -76.79036965999967)"
2012,,Baltimore City,21212,117,$283500.00,$342668.00,117,$283500.00,$342668.00,,,,"Maryland 21212
(39.364309206000485, -76.60998675699966)"
2012,,Frederick,21758,24,$229900.00,$255754.00,17,$227450.00,$255887.00,7,$220000.00,$255429.00,"Maryland 21758
(39.341676073000485, -77.65756758299966)"
2012,,Anne Arundel,20778,15,$362000.00,$375887.00,5,$234500.00,$325380.00,10,$367500.00,$401140.00,"Maryland 20778
(38.83606950800049, -76.57418825599967)"
2012,,Prince George's,20783,138,$165000.00,$164055.00,138,$165000.00,$164055.00,,,,"Maryland 20783
(38.989117982000494, -76.97670956599967)"
2012,,Baltimore,21244,129,$178250.00,$201590.00,126,$178000.00,$197620.00,3,$999.00,$999.00,"Maryland 21244
(39.335375815000475, -76.76320902999964)"
2012,,Cecil,21912,1,$999.00,$999.00,,,,1,$999.00,$999.00,"Maryland 21912
(39.43210867200048, -75.80012987099963)"
2012,,Baltimore,21013,28,$372000.00,$426654.00,,,,28,$372000.00,$426654.00,"Maryland 21013
(39.5111964620005, -76.50077938799967)"
2012,,Wicomico,21874,10,$137450.00,$149140.00,5,$137450.00,$178780.00,5,$87500.00,$119500.00,"Maryland 21874
(38.39431714300048, -75.35409767699963)"
2012,,Baltimore,21152,72,$285000.00,$349924.00,36,$275000.00,$243837.00,36,$352500.00,$456011.00,"Maryland 21152
(39.53233925900048, -76.66060607099968)"
2012,,Charles,20646,179,$288170.00,$305096.00,91,$274950.00,$267427.00,88,$335445.00,$344050.00,"Maryland 20646
(38.524606478000464, -76.98236676299967)"
2012,,Anne Arundel,21076,172,$361842.00,$369986.00,164,$361842.00,$371150.00,8,$385000.00,$346125.00,"Maryland 21076
(39.160667488000456, -76.71930709499964)"
2012,,Calvert,20714,34,$284700.00,$273092.00,29,$287700.00,$281733.00,5,$217450.00,$222980.00,"Maryland 20714
(38.71009910800046, -76.53712970499964)"
2012,,Baltimore,21239,37,$212500.00,$218788.00,37,$212500.00,$218788.00,,,,"Maryland 21239
(39.3635662100005, -76.58806620399963)"
2012,,Caroline,21649,3,$999.00,$999.00,1,$999.00,$999.00,2,$999.00,$999.00,"Maryland 21649
(39.115409911000484, -75.77110957999963)"
2012,,Frederick,21703,322,$240000.00,$272430.00,288,$230000.00,$256036.00,34,$402893.00,$411302.00,"Maryland 21703
(39.38937988800046, -77.44614830499967)"
2012,,Charles,20637,56,$325168.00,$322954.00,3,$999.00,$999.00,53,$325668.00,$332046.00,"Maryland 20637
(38.526448761000495, -76.77437569399967)"
2012,,Washington,21719,7,$191625.00,$188793.00,7,$191625.00,$188793.00,,,,"Maryland 21719
(39.71198785600046, -77.49353927999965)"
2012,,Prince George's,20781,84,$206000.00,$215913.00,84,$206000.00,$215913.00,,,,"Maryland 20781
(38.94926993500047, -76.93715698099965)"
2012,,St. Mary's,20628,7,$305000.00,$471786.00,,,,7,$305000.00,$471786.00,"Maryland 20628
(38.14427945700049, -76.36341638399966)"
2012,,Worcester,21872,2,$999.00,$999.00,1,$999.00,$999.00,1,$999.00,$999.00,"Maryland 21872
(38.41013730800046, -75.29407577099965)"
2012,,Prince George's,20904,2,$999.00,$999.00,2,$999.00,$999.00,,,,"Maryland 20904
(39.066428664000455, -76.97205606499966)"
2012,,Baltimore,21082,8,$425450.00,$421338.00,,,,8,$425450.00,$421338.00,"Maryland 21082
(39.48055982800048, -76.46581947399966)"
2012,,Baltimore,21206,89,$148500.00,$146844.00,89,$148500.00,$146844.00,,,,"Maryland 21206
(39.33572776000045, -76.54174844599964)"
2012,,Carroll,21791,12,$202275.00,$212562.00,6,$197000.00,$207983.00,6,$209275.00,$217142.00,"Maryland 21791
(39.55165715300046, -77.18372735299965)"
2012,,Garrett,21532,3,$999.00,$999.00,2,$999.00,$999.00,1,$999.00,$999.00,"Maryland 21532
(39.65320862200048, -78.93449952399965)"
2012,,Queen Anne's,21657,2,$999.00,$999.00,,,,2,$999.00,$999.00,"Maryland 21657
(38.95294581000047, -75.97842717199967)"
2012,,Baltimore,21053,24,$347000.00,$336581.00,,,,24,$347000.00,$336581.00,"Maryland 21053
(39.69444706900049, -76.70782759099967)"
2012,,Montgomery,20866,140,$258700.00,$284526.00,129,$247500.00,$270317.00,11,$321500.00,$451166.00,"Maryland 20866
(39.10061951300048, -76.93359842199965)"
2012,,Montgomery,20838,1,$999.00,$999.00,1,$999.00,$999.00,,,,"Maryland 20838
(39.22348757800046, -77.37442964499968)"
2012,,St. Mary's,20624,4,$999.00,$999.00,,,,4,$999.00,$999.00,"Maryland 20624
(38.33082792200048, -76.73627868699964)"
2012,,Carroll,21757,3,$999.00,$999.00,1,$999.00,$999.00,2,$999.00,$999.00,"Maryland 21757
(39.589076341000464, -77.26024724499968)"
2012,,Harford,21160,15,$202500.00,$217753.00,4,$999.00,$999.00,11,$221500.00,$239845.00,"Maryland 21160
(39.706526184000495, -76.33195854499968)"
2012,,Charles,20640,33,$215000.00,$217595.00,10,$142500.00,$165540.00,23,$238450.00,$240228.00,"Maryland 20640
(38.57749823000046, -77.14472658399967)"
2012,,Talbot,21662,10,$890000.00,$865200.00,3,$999.00,$999.00,7,$925500.00,$1035143.00,"Maryland 21662
(38.71660792600045, -76.19154969199963)"
2012,,Harford,21084,43,$385000.00,$396902.00,,,,43,$385000.00,$396902.00,"Maryland 21084
(39.613677762000464, -76.47504826599965)"
2012,,Cecil,21921,273,$225000.00,$246217.00,151,$185000.00,$204276.00,122,$285562.00,$298127.00,"Maryland 21921
(39.624987811000494, -75.84664749999968)"
2012,,Anne Arundel,20743,1,$999.00,$999.00,1,$999.00,$999.00,,,,"Maryland 20743
(38.883325787000445, -76.90317903799968)"
2012,,Somerset,21853,23,$142500.00,$156896.00,17,$142500.00,$152182.00,6,$158500.00,$170250.00,"Maryland 21853
(38.20676932600048, -75.70994928199963)"
2012,,Baltimore,21155,14,$234500.00,$243429.00,,,,14,$234500.00,$243429.00,"Maryland 21155
(39.56854619000046, -76.81347639999967)"
2012,,Harford,21009,322,$230000.00,$239072.00,322,$230000.00,$239072.00,,,,"Maryland 21009
(39.471839402000455, -76.30175641099964)"
2012,,Harford,21161,16,$362450.00,$350669.00,1,$999.00,$999.00,15,$362450.00,$363293.00,"Maryland 21161
(39.659056999000484, -76.57396666099964)"
2012,,Baltimore,21030,158,$317500.00,$388242.00,115,$263400.00,$277956.00,43,$590000.00,$683194.00,"Maryland 21030
(39.4759367420005, -76.63450996799963)"
2012,,Talbot,21652,6,$286500.00,$386583.00,6,$286500.00,$386583.00,,,,"Maryland 21652
(38.76876971700045, -76.27073741699968)"
2012,,Talbot,21673,25,$192000.00,$342213.00,14,$161500.00,$153071.00,11,$343667.00,$582939.00,"Maryland 21673
(38.659705734000454, -76.05198811499963)"
2012,,Garrett,21522,2,$999.00,$999.00,,,,2,$999.00,$999.00,"Maryland 21522
(39.59935662300046, -79.21325769699968)"
2012,,Harford,21111,9,$327500.00,$342222.00,,,,9,$327500.00,$342222.00,"Maryland 21111
(39.57051882200045, -76.59309771999966)"
2012,,Allegany,21562,13,$76000.00,$84808.00,13,$76000.00,$84808.00,,,,"Maryland 21562
(39.484418193000465, -79.03301817799968)"
2012,,Carroll,21104,25,$373875.00,$398926.00,22,$364125.00,$378916.00,3,$999.00,$999.00,"Maryland 21104
(39.34385726500045, -76.91987689399963)"
2012,,Baltimore,21057,30,$392000.00,$389467.00,,,,30,$392000.00,$389467.00,"Maryland 21057
(39.454098745000465, -76.51811595999965)"
2012,,Caroline,21640,2,$999.00,$999.00,,,,2,$999.00,$999.00,"Maryland 21640
(39.071316795000484, -75.81782707899964)"
2012,,Howard,21738,38,$600000.00,$635338.00,,,,38,$600000.00,$635338.00,"Maryland 21738
(39.27903847300047, -77.02244943899967)"
2012,,St. Mary's,20626,3,$999.00,$999.00,,,,3,$999.00,$999.00,"Maryland 20626
(38.228789813000446, -76.75957660599965)"
2012,,Dorchester,21869,7,$97500.00,$94557.00,6,$105000.00,$95317.00,1,$999.00,$999.00,"Maryland 21869
(38.466717970000445, -75.88607842599964)"
2012,,Howard,20759,138,$513580.00,$533989.00,118,$513580.00,$521157.00,20,$513500.00,$609695.00,"Maryland 20759
(39.15038720500047, -76.91764790599967)"
2012,,Baltimore,21051,2,$999.00,$999.00,,,,2,$999.00,$999.00,"Maryland 21051
(39.46955827500045, -76.44891740199967)"
2012,,Garrett,21531,17,$109000.00,$127541.00,3,$999.00,$999.00,14,$133375.00,$137571.00,"Maryland 21531
(39.65566789400049, -79.42304759699965)"
2012,,Baltimore,21128,167,$275000.00,$319763.00,167,$275000.00,$319763.00,,,,"Maryland 21128
(39.40122871800048, -76.44936928299967)"
2012,,Montgomery,20815,301,$825000.00,$986019.00,301,$825000.00,$986019.00,,,,"Maryland 20815
(38.977946972000495, -77.08250610499965)"
2012,,Dorchester,21675,1,$999.00,$999.00,,,,1,$999.00,$999.00,"Maryland 21675
(38.28333701300045, -76.08560976799964)"
2012,,Wicomico,21804,224,$130000.00,$142390.00,206,$132500.00,$142901.00,18,$119000.00,$136539.00,"Maryland 21804
(38.356146270000465, -75.57117849599967)"
2012,,Charles,20695,148,$305000.00,$296265.00,99,$319995.00,$312189.00,49,$266500.00,$264092.00,"Maryland 20695
(38.59260581400048, -76.97795658199965)"
2012,,Anne Arundel,20751,31,$257500.00,$304606.00,29,$253000.00,$295786.00,2,$999.00,$999.00,"Maryland 20751
(38.783599221000486, -76.55250667899963)"
2012,,Prince George's,20784,218,$141000.00,$139658.00,218,$141000.00,$139658.00,,,,"Maryland 20784
(38.95038660200049, -76.89084791299967)"
2012,,Kent,21645,8,$420000.00,$453955.00,2,$999.00,$999.00,6,$427500.00,$525000.00,"Maryland 21645
(39.32440902000047, -75.96317620299965)"
2012,,Anne Arundel,21403,383,$367000.00,$430452.00,368,$359000.00,$416446.00,15,$538000.00,$774067.00,"Maryland 21403
(38.957047495000495, -76.48957796399964)"
2012,,Baltimore,21207,206,$159000.00,$175957.00,206,$159000.00,$175957.00,,,,"Maryland 21207
(39.324526336000474, -76.71670878199967)"
2012,,Calvert,20657,120,$232850.00,$279256.00,99,$225975.00,$258813.00,21,$310450.00,$375629.00,"Maryland 20657
(38.36708699400049, -76.42942570799966)"
2012,,Talbot,21625,6,$216000.00,$262833.00,1,$999.00,$999.00,5,$216000.00,$307400.00,"Maryland 21625
(38.87072961700045, -75.99994798399968)"
2012,,Calvert,20688,12,$232500.00,$275917.00,12,$232500.00,$275917.00,,,,"Maryland 20688
(38.34111689600047, -76.46349924099968)"
2012,,Montgomery,20868,3,$999.00,$999.00,,,,3,$999.00,$999.00,"Maryland 20868
(39.12336996100049, -76.95876903799967)"
2012,,Montgomery,20860,9,$552250.00,$625222.00,3,$999.00,$999.00,6,$875000.00,$778333.00,"Maryland 20860
(39.14759771200045, -77.02962738799965)"
2012,,Baltimore,21104,1,$999.00,$999.00,,,,1,$999.00,$999.00,"Maryland 21104
(39.34385726500045, -76.91987689399963)"
2012,,Baltimore,21074,7,$280000.00,$338571.00,,,,7,$280000.00,$338571.00,"Maryland 21074
(39.61344747600049, -76.85100855599967)"
2012,,Dorchester,21613,68,$181770.00,$224991.00,55,$165000.00,$198532.00,13,$240750.00,$336935.00,"Maryland 21613
(38.56216905100047, -76.08838622699966)"
2012,,Montgomery,20850,451,$520000.00,$515656.00,438,$512250.00,$505264.00,13,$892500.00,$865769.00,"Maryland 20850
(39.09518825600048, -77.17318636999966)"
2012,,Montgomery,20851,81,$289000.00,$293128.00,81,$289000.00,$293128.00,,,,"Maryland 20851
(39.07631789600049, -77.12096809299965)"
2012,,Carroll,21074,113,$234950.00,$255569.00,76,$222000.00,$236936.00,37,$282750.00,$293843.00,"Maryland 21074
(39.61344747600049, -76.85100855599967)"
2012,,Baltimore,21224,88,$82000.00,$92461.00,88,$82000.00,$92461.00,,,,"Maryland 21224
(39.28492595600045, -76.55678650999965)"
2012,,Talbot,21671,16,$308500.00,$294850.00,15,$308500.00,$306173.00,1,$999.00,$999.00,"Maryland 21671
(38.705788862000475, -76.33613843999967)"
2012,,Baltimore City,21207,48,$147500.00,$146166.00,48,$147500.00,$146166.00,,,,"Maryland 21207
(39.324526336000474, -76.71670878199967)"
2012,,Montgomery,20817,478,$749450.00,$853751.00,463,$735000.00,$835909.00,15,$1113500.00,$1404467.00,"Maryland 20817
(39.002717849000476, -77.13874785599967)"
2012,,Howard,21029,143,$660000.00,$690190.00,81,$647400.00,$612177.00,62,$760000.00,$792111.00,"Maryland 21029
(39.2025794110005, -76.94147591599966)"
2012,,Harford,21015,345,$259950.00,$319442.00,316,$250500.00,$314312.00,29,$312792.00,$375339.00,"Maryland 21015
(39.530918442000484, -76.31172819899967)"
2012,,Prince George's,20743,310,$135950.00,$138319.00,310,$135950.00,$138319.00,,,,"Maryland 20743
(38.883325787000445, -76.90317903799968)"
2012,,Charles,20677,25,$422380.00,$406776.00,,,,25,$422380.00,$406776.00,"Maryland 20677
(38.50555797400045, -77.03792634899963)"
2012,,Montgomery,20853,292,$360000.00,$394468.00,266,$350000.00,$371199.00,26,$637500.00,$632527.00,"Maryland 20853
(39.093337283000494, -77.09399864499966)"
2012,,Howard,21104,64,$530568.00,$511367.00,35,$455460.00,$453037.00,29,$630596.00,$581765.00,"Maryland 21104
(39.34385726500045, -76.91987689399963)"
2012,,Dorchester,21659,2,$999.00,$999.00,,,,2,$999.00,$999.00,"Maryland 21659
(38.57393967100046, -75.79876988499967)"
2012,,Calvert,20736,62,$434250.00,$433009.00,2,$999.00,$999.00,60,$434250.00,$433759.00,"Maryland 20736
(38.696638281000446, -76.62067981499968)"
2012,,Howard,21044,388,$365000.00,$371829.00,388,$365000.00,$371829.00,,,,"Maryland 21044
(39.214619421000464, -76.87436730599967)"
2012,,Kent,21651,2,$999.00,$999.00,1,$999.00,$999.00,1,$999.00,$999.00,"Maryland 21651
(39.250848078000445, -75.86224606999963)"
2012,,Washington,21713,34,$233500.00,$268379.00,17,$183700.00,$199571.00,17,$314000.00,$337188.00,"Maryland 21713
(39.520386149000444, -77.66602730899967)"
2012,,Anne Arundel,21108,167,$399812.00,$408669.00,120,$388357.00,$403829.00,47,$416000.00,$421026.00,"Maryland 21108
(39.10042833200049, -76.62169654699966)"
2012,,Howard,20777,36,$797500.00,$819921.00,,,,36,$797500.00,$819921.00,"Maryland 20777
(39.176148743000454, -76.96791961899964)"
2012,,Somerset,21821,7,$192500.00,$228757.00,5,$154450.00,$194780.00,2,$999.00,$999.00,"Maryland 21821
(38.17319981300045, -75.93562886799964)"
2012,,Montgomery,20814,308,$652500.00,$710894.00,308,$652500.00,$710894.00,,,,"Maryland 20814
(38.992528811000454, -77.09917789099967)"
2012,,Charles,20645,13,$345000.00,$355315.00,13,$345000.00,$355315.00,,,,"Maryland 20645
(38.304297320000444, -76.91830834699965)"
2012,,Howard,21036,32,$475000.00,$533239.00,,,,32,$475000.00,$533239.00,"Maryland 21036
(39.24180612100048, -76.99905592899967)"
2012,,Allegany,21555,15,$74000.00,$90824.00,3,$999.00,$999.00,12,$74000.00,$89500.00,"Maryland 21555
(39.57430766700048, -78.60635601899963)"
2012,,Baltimore,21228,407,$246625.00,$263231.00,407,$246625.00,$263231.00,,,,"Maryland 21228
(39.27720922600048, -76.73836863399964)"
2012,,Anne Arundel,20776,22,$500000.00,$511523.00,,,,22,$500000.00,$511523.00,"Maryland 20776
(38.866819112000485, -76.62302611799964)"
2012,,Charles,20611,7,$247450.00,$236029.00,2,$999.00,$999.00,5,$256150.00,$235260.00,"Maryland 20611
(38.46696998000044, -76.98408738599966)"
2012,,Baltimore,21219,61,$207450.00,$218626.00,61,$207450.00,$218626.00,,,,"Maryland 21219
(39.232329664000474, -76.44169600399965)"
2012,,Frederick,21702,321,$245000.00,$263267.00,284,$239900.00,$255561.00,37,$302450.00,$322416.00,"Maryland 21702
(39.444509317000495, -77.43937878699967)"
2012,,Harford,21050,175,$284950.00,$324004.00,114,$250750.00,$267935.00,61,$420000.00,$428787.00,"Maryland 21050
(39.57348646100047, -76.38543687299966)"
2012,,Harford,21017,55,$165000.00,$165111.00,55,$165000.00,$165111.00,,,,"Maryland 21017
(39.47440730000045, -76.24322918699966)"
2012,,Prince George's,20715,235,$245000.00,$251661.00,231,$245000.00,$250847.00,4,$999.00,$999.00,"Maryland 20715
(38.981236141000466, -76.74261804899965)"
2012,,Frederick,21716,70,$273145.00,$278382.00,70,$273145.00,$278382.00,,,,"Maryland 21716
(39.316396831000475, -77.62323769399967)"
2012,,Harford,21154,32,$315000.00,$316876.00,,,,32,$315000.00,$316876.00,"Maryland 21154
(39.647768675000464, -76.34853908599968)"
2012,,Baltimore City,21208,4,$999.00,$999.00,4,$999.00,$999.00,,,,"Maryland 21208
(39.37660991700045, -76.72958737799968)"
2012,,Charles,20602,272,$249700.00,$260000.00,267,$249700.00,$260388.00,5,$213700.00,$239280.00,"Maryland 20602
(38.59849764100045, -76.90249687199963)"
2012,,Baltimore,21163,11,$373700.00,$383845.00,1,$999.00,$999.00,10,$377450.00,$383480.00,"Maryland 21163
(39.326959539000484, -76.86789759299967)"
2012,,Anne Arundel,21037,266,$372500.00,$421690.00,224,$330000.00,$384756.00,42,$577500.00,$618676.00,"Maryland 21037
(38.918116246000466, -76.54171803099968)"
2012,,St. Mary's,20630,5,$414085.00,$401634.00,,,,5,$414085.00,$401634.00,"Maryland 20630
(38.17562867100048, -76.46796590699967)"
2012,,Talbot,21647,2,$999.00,$999.00,,,,2,$999.00,$999.00,"Maryland 21647
(38.8102862450005, -76.27938832299964)"
2012,,Montgomery,20855,110,$405000.00,$433732.00,86,$383500.00,$385886.00,24,$604500.00,$605183.00,"Maryland 20855
(39.129687599000476, -77.14575634999966)"
2012,,Baltimore City,21229,237,$56312.00,$80541.00,237,$56312.00,$80541.00,,,,"Maryland 21229
(39.284156890000475, -76.69356728299965)"
2012,,Allegany,21530,6,$113500.00,$105983.00,2,$999.00,$999.00,4,$999.00,$999.00,"Maryland 21530
(39.695798366000474, -78.55358592699963)"
2012,,Anne Arundel,21012,238,$351500.00,$419969.00,205,$335000.00,$373345.00,33,$549050.00,$709600.00,"Maryland 21012
(39.04720636000047, -76.49332770399963)"
2012,,St. Mary's,20650,170,$369450.00,$365097.00,71,$388196.00,$361977.00,99,$353404.00,$367334.00,"Maryland 20650
(38.27023682100048, -76.62544628599966)"
2012,,Baltimore City,21202,79,$169950.00,$204481.00,79,$169950.00,$204481.00,,,,"Maryland 21202
(39.2952670680005, -76.61013883199968)"
2012,,Baltimore,21087,43,$346250.00,$383361.00,,,,43,$346250.00,$383361.00,"Maryland 21087
(39.452226047000465, -76.41363595799965)"
2012,,Carroll,21776,31,$249000.00,$278973.00,16,$228000.00,$233469.00,15,$295000.00,$327511.00,"Maryland 21776
(39.50980606000047, -77.10196738399964)"
2012,,Frederick,21704,210,$363650.00,$387247.00,187,$358945.00,$383036.00,23,$456960.00,$421483.00,"Maryland 21704
(39.36090706700048, -77.38237665899965)"
2012,,Prince George's,20613,161,$349950.00,$344441.00,15,$146000.00,$156433.00,146,$366250.00,$363757.00,"Maryland 20613
(38.661669677000475, -76.82564675899965)"
2012,,Montgomery,20837,61,$376000.00,$419528.00,58,$376000.00,$422243.00,3,$999.00,$999.00,"Maryland 20837
(39.13429765000046, -77.40784708199965)"
2012,,Calvert,20754,38,$441000.00,$446833.00,,,,38,$441000.00,$446833.00,"Maryland 20754
(38.7365080510005, -76.65571793999965)"
2012,,Cecil,21917,10,$269400.00,$260655.00,1,$999.00,$999.00,9,$241900.00,$254061.00,"Maryland 21917
(39.67272638600048, -76.09418680899967)"
2012,,Frederick,21798,9,$277500.00,$258017.00,4,$999.00,$999.00,5,$277500.00,$292130.00,"Maryland 21798
(39.53695800000048, -77.30449678099967)"
2012,,Washington,21711,3,$999.00,$999.00,,,,3,$999.00,$999.00,"Maryland 21711
(39.64365829900049, -78.02220913399964)"
2012,,Frederick,21727,29,$192450.00,$215650.00,24,$192450.00,$214223.00,5,$195000.00,$222500.00,"Maryland 21727
(39.69583747100046, -77.33057984899966)"
2012,,Baltimore,21117,419,$229500.00,$280377.00,356,$213700.00,$224409.00,63,$450000.00,$596638.00,"Maryland 21117
(39.41734868800046, -76.78600727499963)"
2012,,Dorchester,21648,3,$999.00,$999.00,1,$999.00,$999.00,2,$999.00,$999.00,"Maryland 21648
(38.50604895900045, -76.22557977499963)"
2012,,Talbot,21665,3,$999.00,$999.00,2,$999.00,$999.00,1,$999.00,$999.00,"Maryland 21665
(38.749369268000464, -76.32451989499964)"
2012,,Montgomery,20816,196,$794500.00,$831272.00,196,$794500.00,$831272.00,,,,"Maryland 20816
(38.95807726100048, -77.11365979399966)"
2012,,Howard,21076,20,$382950.00,$393152.00,20,$382950.00,$393152.00,,,,"Maryland 21076
(39.160667488000456, -76.71930709499964)"
2012,,Frederick,21776,2,$999.00,$999.00,,,,2,$999.00,$999.00,"Maryland 21776
(39.50980606000047, -77.10196738399964)"
2012,,Baltimore City,21209,99,$230176.00,$244313.00,99,$230176.00,$244313.00,,,,"Maryland 21209
(39.37416802300049, -76.66965671699967)"
2012,,Kent,21678,3,$999.00,$999.00,,,,3,$999.00,$999.00,"Maryland 21678
(39.30604702800048, -76.09598998599967)"
2012,,Baltimore,21210,8,$655100.00,$620962.00,8,$655100.00,$620962.00,,,,"Maryland 21210
(39.34949708300047, -76.63191599899966)"
2012,,Montgomery,20901,343,$351750.00,$362379.00,343,$351750.00,$362379.00,,,,"Maryland 20901
(39.015057664000494, -77.00921889699964)"
2012,,St. Mary's,20606,2,$999.00,$999.00,,,,2,$999.00,$999.00,"Maryland 20606
(38.251466398000446, -76.73926804999968)"
2012,,Baltimore,21136,295,$222500.00,$282365.00,212,$200000.00,$202761.00,83,$407500.00,$485691.00,"Maryland 21136
(39.46182851000049, -76.81510577599965)"
2012,,Garrett,21536,18,$102500.00,$115694.00,6,$70000.00,$104917.00,12,$141000.00,$121083.00,"Maryland 21536
(39.67363883700045, -79.17356607099964)"
2012,,Baltimore,21093,566,$305750.00,$364221.00,538,$300000.00,$340671.00,28,$607500.00,$816714.00,"Maryland 21093
(39.442219500000476, -76.63706917599967)"
2012,,Wicomico,21814,7,$76824.00,$98976.00,5,$58890.00,$105956.00,2,$999.00,$999.00,"Maryland 21814
(38.29364771100046, -75.88474885399967)"
2012,,Baltimore,21131,80,$476000.00,$522250.00,,,,80,$476000.00,$522250.00,"Maryland 21131
(39.508267928000464, -76.56927839999963)"
2012,,Charles,20603,270,$352424.00,$324089.00,144,$321200.00,$288780.00,126,$376324.00,$364443.00,"Maryland 20603
(38.62583641700047, -76.95670950499965)"
2012,,Wicomico,21875,46,$155500.00,$160583.00,40,$146250.00,$154375.00,6,$211500.00,$201967.00,"Maryland 21875
(38.442577120000465, -75.56139788999963)"
2012,,Calvert,20639,130,$419250.00,$416297.00,1,$999.00,$999.00,129,$419250.00,$417935.00,"Maryland 20639
(38.61067669200048, -76.59910686299963)"
2012,,Prince George's,20720,282,$345540.00,$349425.00,258,$339977.00,$342272.00,24,$442878.00,$426320.00,"Maryland 20720
(38.974909813000465, -76.78786693699965)"
2012,,Charles,20607,1,$999.00,$999.00,,,,1,$999.00,$999.00,"Maryland 20607
(38.668556511000475, -77.01530624999964)"
2012,,Anne Arundel,21140,38,$401000.00,$418775.00,36,$420475.00,$420512.00,2,$999.00,$999.00,"Maryland 21140
(38.950938418000476, -76.58418611399964)"
2012,,Allegany,21766,2,$999.00,$999.00,,,,2,$999.00,$999.00,"Maryland 21766
(39.67731905700049, -78.37049608499967)"
2012,,Washington,21795,39,$192500.00,$210376.00,27,$187000.00,$194548.00,12,$280000.00,$245989.00,"Maryland 21795
(39.592917325000485, -77.81312746999964)"
2012,,Somerset,21838,2,$999.00,$999.00,,,,2,$999.00,$999.00,"Maryland 21838
(38.02362734400049, -75.74331892399965)"
2012,,Montgomery,20910,325,$436000.00,$432784.00,325,$436000.00,$432784.00,,,,"Maryland 20910
(38.99796875700048, -77.03249943599963)"
2012,,Montgomery,20886,390,$206500.00,$225658.00,390,$206500.00,$225658.00,,,,"Maryland 20886
(39.17486696600048, -77.19746625999966)"
2012,,Washington,21782,24,$173750.00,$187233.00,7,$141000.00,$158714.00,17,$197500.00,$198976.00,"Maryland 21782
(39.452147837000496, -77.75712903799968)"
2012,,Charles,20601,157,$249500.00,$257572.00,127,$241500.00,$240103.00,30,$314950.00,$331524.00,"Maryland 20601
(38.62723985300045, -76.87430647599967)"
2012,,Kent,21635,14,$209400.00,$272814.00,6,$165500.00,$157550.00,8,$290000.00,$359262.00,"Maryland 21635
(39.348028471000475, -75.84103809899966)"
2012,,Carroll,21157,247,$245450.00,$272367.00,136,$210000.00,$229247.00,111,$280500.00,$325198.00,"Maryland 21157
(39.55799651600046, -76.98766766899968)"
2012,,Montgomery,20812,5,$708500.00,$717900.00,5,$708500.00,$717900.00,,,,"Maryland 20812
(38.96896584500047, -77.14150693399966)"
2012,,Carroll,21155,1,$999.00,$999.00,,,,1,$999.00,$999.00,"Maryland 21155
(39.56854619000046, -76.81347639999967)"
2012,,Baltimore,21234,571,$178250.00,$191048.00,571,$178250.00,$191048.00,,,,"Maryland 21234
(39.38873682700046, -76.54108800399968)"
2012,,Anne Arundel,21114,295,$302500.00,$324721.00,294,$302500.00,$324128.00,1,$999.00,$999.00,"Maryland 21114
(39.01092990900048, -76.68531611699967)"
2012,,Washington,21779,4,$999.00,$999.00,1,$999.00,$999.00,3,$999.00,$999.00,"Maryland 21779
(39.423709776000464, -77.65842789299967)"
2012,,Cecil,21911,55,$210500.00,$230348.00,19,$177400.00,$194593.00,36,$226000.00,$249218.00,"Maryland 21911
(39.69308708200049, -76.04805588499966)"
2012,,Baltimore City,21231,216,$197500.00,$221171.00,216,$197500.00,$221171.00,,,,"Maryland 21231
(39.287298329000464, -76.59143792899965)"
2012,,Frederick,21701,394,$235250.00,$264816.00,371,$232000.00,$263364.00,23,$273975.00,$288238.00,"Maryland 21701
(39.42462657200048, -77.38923742299966)"
2012,,Charles,20613,6,$318750.00,$318506.00,,,,6,$318750.00,$318506.00,"Maryland 20613
(38.661669677000475, -76.82564675899965)"
2012,,St. Mary's,20667,1,$999.00,$999.00,,,,1,$999.00,$999.00,"Maryland 20667
(38.22501834900049, -76.44103990799965)"
2012,,St. Mary's,20692,2,$999.00,$999.00,,,,2,$999.00,$999.00,"Maryland 20692
(38.18842905700046, -76.50305617099963)"
2012,,Worcester,21864,4,$999.00,$999.00,1,$999.00,$999.00,3,$999.00,$999.00,"Maryland 21864
(38.043566574000465, -75.41282911599967)"
2012,,Anne Arundel,21226,63,$217950.00,$235470.00,63,$217950.00,$235470.00,,,,"Maryland 21226
(39.20363959200046, -76.56269571699966)"
2012,,Baltimore City,21236,1,$999.00,$999.00,1,$999.00,$999.00,,,,"Maryland 21236
(39.3892669170005, -76.48624968999968)"
2012,,Prince George's,20710,34,$110000.00,$115874.00,34,$110000.00,$115874.00,,,,"Maryland 20710
(38.94216585100048, -76.92339634899963)"
2012,,Anne Arundel,21225,141,$182274.00,$175578.00,141,$182274.00,$175578.00,,,,"Maryland 21225
(39.23243828900047, -76.61607845399965)"
2012,,Calvert,20676,32,$360000.00,$355358.00,10,$257450.00,$308790.00,22,$383495.00,$376525.00,"Maryland 20676
(38.488299612000446, -76.53177665799967)"
2012,,Frederick,21770,32,$337500.00,$354980.00,,,,32,$337500.00,$354980.00,"Maryland 21770
(39.34892788600047, -77.25183965899964)"
2012,,Prince George's,20744,239,$221500.00,$230803.00,223,$214500.00,$222350.00,16,$381239.00,$348624.00,"Maryland 20744
(38.75803755300046, -76.98261877399966)"
2012,,Prince George's,20785,247,$145000.00,$158945.00,247,$145000.00,$158945.00,,,,"Maryland 20785
(38.91917642700048, -76.88199713599965)"
2012,,Worcester,21813,10,$201250.00,$234250.00,,,,10,$201250.00,$234250.00,"Maryland 21813
(38.428056111000444, -75.18305653499965)"
2012,,Carroll,21136,6,$277500.00,$303417.00,,,,6,$277500.00,$303417.00,"Maryland 21136
(39.46182851000049, -76.81510577599965)"
2012,,Harford,21013,15,$417750.00,$412533.00,,,,15,$417750.00,$412533.00,"Maryland 21013
(39.5111964620005, -76.50077938799967)"
2012,,Howard,21797,47,$532500.00,$551366.00,,,,47,$532500.00,$551366.00,"Maryland 21797
(39.346698899000444, -77.06561706899964)"
2012,,Prince George's,20903,5,$100000.00,$92000.00,5,$100000.00,$92000.00,,,,"Maryland 20903
(39.010847354000475, -76.98247973299965)"
2012,,Baltimore City,21213,70,$70000.00,$78945.00,70,$70000.00,$78945.00,,,,"Maryland 21213
(39.31271661000045, -76.58253935699963)"
2012,,Baltimore City,21205,58,$24000.00,$36284.00,58,$24000.00,$36284.00,,,,"Maryland 21205
(39.30042893500047, -76.57962820299963)"
2012,,Calvert,20615,1,$999.00,$999.00,1,$999.00,$999.00,,,,"Maryland 20615
(38.419235750000496, -76.54657574699968)"
2012,,Howard,21043,528,$399842.00,$416117.00,528,$399842.00,$416117.00,,,,"Maryland 21043
(39.259559813000465, -76.80313963099968)"
2012,,Anne Arundel,21122,524,$259450.00,$300762.00,330,$230000.00,$245300.00,194,$335950.00,$395104.00,"Maryland 21122
(39.12741950700047, -76.51930649199966)"
2012,,Prince George's,20774,457,$282500.00,$302697.00,331,$235000.00,$249958.00,126,$449964.00,$441240.00,"Maryland 20774
(38.885559120000494, -76.80645921499968)"
2012,,Montgomery,20818,24,$933500.00,$979151.00,24,$933500.00,$979151.00,,,,"Maryland 20818
(38.974979333000476, -77.15997755299964)"
2012,,Talbot,21663,59,$412500.00,$567659.00,35,$371550.00,$425417.00,24,$569500.00,$775096.00,"Maryland 21663
(38.78648864900049, -76.22564929499964)"
2012,,Caroline,21639,20,$164500.00,$169140.00,9,$107500.00,$125533.00,11,$188500.00,$204818.00,"Maryland 21639
(38.96462953000048, -75.80202863899967)"
2012,,St. Mary's,20690,17,$387450.00,$389213.00,14,$387450.00,$391365.00,3,$999.00,$999.00,"Maryland 20690
(38.16198969900046, -76.53060785099967)"
2012,,Baltimore,21102,1,$999.00,$999.00,,,,1,$999.00,$999.00,"Maryland 21102
(39.68273727900049, -76.86717632199964)"
2012,,Charles,20625,19,$262500.00,$264126.00,17,$232000.00,$248729.00,2,$999.00,$999.00,"Maryland 20625
(38.26172930000047, -76.84892729999967)"
2012,,Montgomery,20903,73,$285000.00,$299363.00,73,$285000.00,$299363.00,,,,"Maryland 20903
(39.010847354000475, -76.98247973299965)"
2012,,Harford,21078,196,$297848.00,$304705.00,175,$299008.00,$304557.00,21,$258250.00,$305936.00,"Maryland 21078
(39.551235688000475, -76.11335697299967)"
2012,,Prince George's,20737,76,$156750.00,$170086.00,76,$156750.00,$170086.00,,,,"Maryland 20737
(38.96144898600045, -76.91291619499964)"
2012,,Harford,21047,85,$325000.00,$363223.00,10,$327292.00,$338414.00,75,$322362.00,$366531.00,"Maryland 21047
(39.521476745000484, -76.42653627999965)"
2012,,Howard,21723,8,$660000.00,$568379.00,,,,8,$660000.00,$568379.00,"Maryland 21723
(39.3292363220005, -77.01348569299967)"
2012,,Montgomery,20854,511,$797000.00,$926789.00,397,$750000.00,$798117.00,114,$1297500.00,$1374882.00,"Maryland 20854
(39.03905947400045, -77.19744887999963)"
2012,,Garrett,21541,58,$317500.00,$361678.00,14,$288000.00,$289036.00,44,$328750.00,$384791.00,"Maryland 21541
(39.55623678900048, -79.35531765199966)"
2012,,Queen Anne's,21619,102,$371000.00,$407496.00,83,$345000.00,$374639.00,19,$377250.00,$551026.00,"Maryland 21619
(38.96936993100047, -76.28169986599966)"
2012,,Prince George's,20747,164,$135450.00,$136982.00,164,$135450.00,$136982.00,,,,"Maryland 20747
(38.85371891900047, -76.88926633099965)"
2012,,Anne Arundel,20764,45,$239450.00,$272403.00,38,$238750.00,$267733.00,7,$254900.00,$297757.00,"Maryland 20764
(38.836499663000495, -76.51185915299965)"
2012,,Allegany,21521,3,$999.00,$999.00,3,$999.00,$999.00,,,,"Maryland 21521
(39.538948012000446, -79.02249892099968)"
2012,,Worcester,21863,18,$130000.00,$178550.00,12,$105500.00,$108075.00,6,$206000.00,$319500.00,"Maryland 21863
(38.17869624500048, -75.38958768199967)"
2012,,Carroll,21784,371,$304630.00,$328827.00,303,$295000.00,$315593.00,68,$341450.00,$387799.00,"Maryland 21784
(39.39994694100045, -76.96244925699966)"
2012,,Frederick,21774,199,$353472.00,$354719.00,197,$353472.00,$355574.00,2,$999.00,$999.00,"Maryland 21774
(39.40745945600048, -77.29156604499963)"
2012,,Frederick,21793,73,$262500.00,$255181.00,64,$248750.00,$251889.00,9,$293000.00,$278589.00,"Maryland 21793
(39.48425742800049, -77.34543976699968)"
2012,,St. Mary's,20680,4,$999.00,$999.00,1,$999.00,$999.00,3,$999.00,$999.00,"Maryland 20680
(38.11297803700046, -76.36978616299967)"
2012,,Howard,21771,21,$418500.00,$443048.00,,,,21,$418500.00,$443048.00,"Maryland 21771
(39.383435920000466, -77.15170900699968)"
2012,,Washington,21783,32,$188250.00,$199056.00,27,$181150.00,$199292.00,5,$197450.00,$197780.00,"Maryland 21783
(39.64937632600049, -77.56873828999966)"
2012,,Harford,21087,12,$297500.00,$302250.00,,,,12,$297500.00,$302250.00,"Maryland 21087
(39.452226047000465, -76.41363595799965)"
2012,,Prince George's,20740,149,$215000.00,$215900.00,149,$215000.00,$215900.00,,,,"Maryland 20740
(38.99671739600046, -76.92870594499965)"
2012,,Baltimore City,21230,654,$215000.00,$241546.00,654,$215000.00,$241546.00,,,,"Maryland 21230
(39.2749498230005, -76.62339978799963)"
2012,,Frederick,20842,1,$999.00,$999.00,,,,1,$999.00,$999.00,"Maryland 20842
(39.21968569800049, -77.41074954499965)"
2012,,Anne Arundel,20724,152,$290000.00,$284776.00,152,$290000.00,$284776.00,,,,"Maryland 20724
(39.10085848800048, -76.80893586799965)"
2012,,Howard,21045,380,$288000.00,$297529.00,380,$288000.00,$297529.00,,,,"Maryland 21045
(39.20585989100044, -76.82756725299964)"
2012,,St. Mary's,20636,98,$357824.00,$355213.00,39,$375904.00,$364695.00,59,$307500.00,$348946.00,"Maryland 20636
(38.34497960600049, -76.56769681899965)"
2012,,Anne Arundel,20733,26,$250000.00,$265426.00,22,$237500.00,$236831.00,4,$999.00,$999.00,"Maryland 20733
(38.80280849000047, -76.52485940899965)"
